variant_id,tissue,target_gene,target_junction,observed_effect_direction,model_delta_score,variant_type,wt_sequence,mut_sequence,data_source
clinvar_fd663e73360442d4,brain,ENSG00000099864.19,ENSG00000099864.19:J0,decreased_usage,6.079673767089844e-06,clinvar_benign_snv,GGGCCACGAGGATCCCCGGACAGAGGAAGCAGGATCGGGCTGGGCAGAGCCTTGTGTGGGGGTGGGGGGGTCTCCGGGACCCCCACGCCCATCCCTGACCCCACCCGGCCCTCCCCACAGGAGAAGCGGAAGCGGCAGGCGGAGATCGAGAACAAGCGCCGGCAGCTGGAGGACGAGCGGAGGCAGCTGCAGCACCTGAAGGTACGAGCGGGGCAGGGACCCAGGGTCAGGGAGTGCAGGCGGCTGTGAGGCGGAGGCCCCGGACTCCTGCCCAACCCTGACCCTGACCCCAATCCCAACCTGACCCTGACCCTGCCTCCAGCCCTGACCCTGACCCCGACCCTGACCCCGACCCCGACCCCGACCCTGACCCCAACCTGACCCCGACCCTGACCCCAACC,GGGCCACGAGGATCCCCGGACAGAGGAAGCAGGATCGGGCTGGGCAGAGCCTTGTGTGGGGGTGGGGGGGTCTCCGGGACCCCCACGCCCATCCCTGACCCCACCCGGCCCTCCCCACAGGAGAAGCGGAAGCGGCAGGCGGAGATCGAGAACAAGCGCCGGCAGCTGGAGGACGAGCGGAGGCAGCTGCAGCACCTGAAGGTACGAGCGGGGCAGGAACCCAGGGTCAGGGAGTGCAGGCGGCTGTGAGGCGGAGGCCCCGGACTCCTGCCCAACCCTGACCCTGACCCCAATCCCAACCTGACCCTGACCCTGCCTCCAGCCCTGACCCTGACCCCGACCCTGACCCCGACCCCGACCCCGACCCTGACCCCAACCTGACCCCGACCCTGACCCCAACC,gtex_sqtl_format_control_from_real_clinvar_variants
clinvar_7bafc367a1a1db50,heart,ENSG00000116014.11,ENSG00000116014.11:J1,decreased_usage,4.0531158447265625e-06,donor_clinvar_splice,CTGCACCGCCTGTCACCCGGGCCGCGCGCCTACTGCAGTGAGGCCTTCCCCAGCCGCGCCCTGGAGCGCGCCTTCGCACTGTACAACCTGCTGGCGCTGTACCTGCTGCCGCTGCTCGCCACCTGCGCCTGCTATGCGGCCATGCTGCGCCACCTGGGCCGGGTCGCCGTGCGCCCCGCGCCCGCCGATAGCGCCCTGCAGGTGCGCGGCGTGGGTGGGAGGACAGCAAGGCTGGGCGGGCGGGGAGGCACCGTGGTGGGAGGCGCCGGTGGGGGCATCTGCGCGGGCAGGGACAGCCCAAGGGGTCCAGGAGGGGCGGTGCGAGGGGATGAGCTGAGCCGGGCCCCAGCCTTTCGTCTAACCACCTTCACGGCACCCCCCCAGGGGCAGGTGCTGGCAGA,CTGCACCGCCTGTCACCCGGGCCGCGCGCCTACTGCAGTGAGGCCTTCCCCAGCCGCGCCCTGGAGCGCGCCTTCGCACTGTACAACCTGCTGGCGCTGTACCTGCTGCCGCTGCTCGCCACCTGCGCCTGCTATGCGGCCATGCTGCGCCACCTGGGCCGGGTCGCCGTGCCCCCCGCGCCCGCCGATAGCGCCCTGCAGGTGCGCGGCGTGGGTGGGAGGACAGCAAGGCTGGGCGGGCGGGGAGGCACCGTGGTGGGAGGCGCCGGTGGGGGCATCTGCGCGGGCAGGGACAGCCCAAGGGGTCCAGGAGGGGCGGTGCGAGGGGATGAGCTGAGCCGGGCCCCAGCCTTTCGTCTAACCACCTTCACGGCACCCCCCCAGGGGCAGGTGCTGGCAGA,gtex_sqtl_format_control_from_real_clinvar_variants
clinvar_b8cfcc20a1c044fb,liver,ENSG00000099864.19,ENSG00000099864.19:J2,decreased_usage,0.0018187761306762695,clinvar_benign_snv,TCCAGGCACTGGGGAGCTATGGAGGGATGTAGAGTTGGGGAGGGCCGCGTCGAGAAGGTGCCCAGGCATCCCCGGCTCCGCCTGCCCCATCGCTGCTTGGCTCTGCGCTGCTGGCTCCCCCCTCCCTGGCTTGGCCGCAGCCCGGCGGGGGGGTGCGGGGGCGGGCAGGCCGTGGTGTAACCCCGTGACTCTCGTGCCAGCCATGTACTCGGTTGAGATCACTGTGGAGAAGGACAAGGTGACAGGGGAGACCAGGGTGCTGTCCAGCACCACGCTGCTCCCTCGGCAGCCGCTCCCTCTGGGCATCAAAGTCTACGAGGACGAGACCAAAGGTACGAGCACCCCGGCCCCTGCCCTCCCTCCACCTGGGCCAGAGCCCCGAACACGTGTGCTCCCAGCGT,TCCAGGCACTGGGGAGCTATGGAGGGATGTAGAGTTGGGGAGGGCCGCGTCGAGAAGGTGCCCAGGCATCCCCGGCTCCGCCTGCCCCATCGCTGCTTGGCTCTGCGCTGCTGGCTCCCCCCTCCCTGGCTTGGCCGCAGCCCGGCGGGGGGGTGCGGGGGCGGGCAGGCCGTGGTGTAACCCCATGACTCTCGTGCCAGCCATGTACTCGGTTGAGATCACTGTGGAGAAGGACAAGGTGACAGGGGAGACCAGGGTGCTGTCCAGCACCACGCTGCTCCCTCGGCAGCCGCTCCCTCTGGGCATCAAAGTCTACGAGGACGAGACCAAAGGTACGAGCACCCCGGCCCCTGCCCTCCCTCCACCTGGGCCAGAGCCCCGAACACGTGTGCTCCCAGCGT,gtex_sqtl_format_control_from_real_clinvar_variants
clinvar_4f3035950ea79141,muscle,ENSG00000118046.19,ENSG00000118046.19:J0,decreased_usage,0.0013447403907775879,acceptor_clinvar_splice,TGCTGCTCACCACCGGTGGCACCCTCAAAATCTCCGACCTGGGCGTGGCCGAGGTAGGCACGTGCTAGGGGGGGCCCTGGGGCGCCCCCTCCCGGGCACTCCCTGAGGGCTGCACGGCACCGCCACAGGCACTGCACCCGTTCGCGGCGGACGACACCTGCCGGACCAGCCAGGGCTCCCCGGCTTTCCAGCCGCCCGAGATTGCCAACGGCCTGGACACCTTCTCCGGCTTCAAGGTGGACATCTGGTCGGCTGGGGTCACCCTGTAAGTGCCCCGCCCCCCCGGGCACTCACCACACGCACACTCCGAGGGGCCTCTGCGTCTTGGGCAGCTGCCGGCCTGTGGGCGCAGGGCGTGGCCACCGGCCCAGACCCTCTCTGGCCACAGCCGCTAGGGGGTG,TGCTGCTCACCACCGGTGGCACCCTCAAAATCTCCGACCTGGGCGTGGCCGAGGTAGGCACGTGCTAGGGGGGGCCCTGGGGCGCCCCCTCCCGGGCACTCCCTGAGGGCTGCACGGCACCGCCACAGGCACTGCACCCGTTCGCGGCGGACGACACCTGCCGGACCAGCTAGGGCTCCCCGGCTTTCCAGCCGCCCGAGATTGCCAACGGCCTGGACACCTTCTCCGGCTTCAAGGTGGACATCTGGTCGGCTGGGGTCACCCTGTAAGTGCCCCGCCCCCCCGGGCACTCACCACACGCACACTCCGAGGGGCCTCTGCGTCTTGGGCAGCTGCCGGCCTGTGGGCGCAGGGCGTGGCCACCGGCCCAGACCCTCTCTGGCCACAGCCGCTAGGGGGTG,gtex_sqtl_format_control_from_real_clinvar_variants
clinvar_d33bc6e46d376ddc,blood,ENSG00000099817.13,ENSG00000099817.13:J1,decreased_usage,0.3027292490005493,acceptor_clinvar_splice,TGAATGAGAGGTTTCAGCCCTCTCTTCCCCTGTCCTGGGATCCTGCAACTCAGGCCTCGTTTTGCAAACGCGGAAGCCGAGGCCCGAGCAGGAGAGACACCTGTGTGGAATGGGGCTGGAACCTGGGTGCTCTGGGCTCTGGGTGGGCGAGGGCCACGAGGGCCCAGGCTCGTGCAGGCCAGCACACTCTCTGTCTGCAGAGGAGCCCAAGGTGGGCATCAAGACCATCAAGGTGTACTGCCAGCGCATGCAGGAGGAGAACATCACACGGGCTCTCATCGTGGTGCAGCAGGGCATGACACCCTCCGCCAAGCAGGTGGGCACCCCTGCCCCACCCCGCCAGCCTCTCCCCCTCCCCAGCCTCCTCCCGCAAGCAGTACCCACAGGCGGCCCACGTGCCT,TGAATGAGAGGTTTCAGCCCTCTCTTCCCCTGTCCTGGGATCCTGCAACTCAGGCCTCGTTTTGCAAACGCGGAAGCCGAGGCCCGAGCAGGAGAGACACCTGTGTGGAATGGGGCTGGAACCTGGGTGCTCTGGGCTCTGGGTGGGCGAGGGCCACGAGGGCCCAGGCTCGTGCAGGCCAGCACACTCTCTGTCTGCGGAGGAGCCCAAGGTGGGCATCAAGACCATCAAGGTGTACTGCCAGCGCATGCAGGAGGAGAACATCACACGGGCTCTCATCGTGGTGCAGCAGGGCATGACACCCTCCGCCAAGCAGGTGGGCACCCCTGCCCCACCCCGCCAGCCTCTCCCCCTCCCCAGCCTCCTCCCGCAAGCAGTACCCACAGGCGGCCCACGTGCCT,gtex_sqtl_format_control_from_real_clinvar_variants
clinvar_9e7f6542a7b63fc9,brain,ENSG00000099864.19,ENSG00000099864.19:J2,decreased_usage,5.5670738220214844e-05,clinvar_benign_snv,AGAAAAAAGAAAGATGACCTCTGTGTTTCTGGCCAGAGTCCCAAGAGGATAGGATGAGAAGCGGGTGCGTATGACGTCACCCACTGTGCCATGCCCTCCCCAGGCTCCTGACCCCATGGCTCCCCTTCCTCTTCCCGGGGATGCTGACGCCCCTGACCCTTCTCTCTTCTTTCTTGCAGACGCCGGTGGGCACGCCCAAAGGTAGGACCTCTGGAAGGAACTCGTGGGGCCTCGGCGCACTCTGGTGGCCAGAGAGGGGATGGCAGGGCGGGGAGTGAAGCTACAAAGTTGCTCGGTGCCTCACGCCTGTGATCCCAGCACTTTGGGAGGCCGAGGCGGGTAGATCTCCTGAGGTCAGGAGTTCGAGACCAGCCTGACCAACATGGCGAAACTCAGTGTCT,AGAAAAAAGAAAGATGACCTCTGTGTTTCTGGCCAGAGTCCCAAGAGGATAGGATGAGAAGCGGGTGCGTATGACGTCACCCACTGTGCCATGCCCTCCCCAGGCTCCTGACCCCATGGCTCCCCTTCCTCTTCCCGGGGATGCTGACGCCCCTGACCCTTCTCTCTTCTTTCTTGCAGACGCCGGTGGGCACGCCCAAAGGTAGGACCTTTGGAAGGAACTCGTGGGGCCTCGGCGCACTCTGGTGGCCAGAGAGGGGATGGCAGGGCGGGGAGTGAAGCTACAAAGTTGCTCGGTGCCTCACGCCTGTGATCCCAGCACTTTGGGAGGCCGAGGCGGGTAGATCTCCTGAGGTCAGGAGTTCGAGACCAGCCTGACCAACATGGCGAAACTCAGTGTCT,gtex_sqtl_format_control_from_real_clinvar_variants
clinvar_615b16e820f3c5fa,heart,ENSG00000196415.10,ENSG00000196415.10:J0,decreased_usage,0.0014594793319702148,clinvar_benign_snv,GGGGGCTCCCTGACGCCTGGACTCCCCCCCTGCAGGTGCTGCCCGAGCTGCGGAGATCGTGGGCGGGCACGAGGCGCAGCCACACTCCCGGCCCTACATGGCCTCCCTGCAGATGCGGGGGAACCCGGGCAGCCACTTCTGCGGAGGCACCTTGATCCACCCCAGCTTCGTGCTGACGGCCGCGCACTGCCTGCGGGACATGTGAGCGGCCGCCTCCACACCCCTGTCCGCCCGCCCCGCCCTCTTCCTCCAGCCCTGGCCCGGCCACTGTCCCTCTGCCCGGGGAGGACCCAGCTAAGCCCCGTCTGCAGACCCCAGGCCCCGCGCGCGTGGGCAGTTCTGGGGGGAGGCCCGGGGCAGGGTCGCCGAGGGAGGGGTCTGGGGCTGCACCGCGGCCTCGG,GGGGGCTCCCTGACGCCTGGACTCCCCCCCTGCAGGTGCTGCCCGAGCTGCGGAGATCGTGGGCGGGCACGAGGCGCAGCCACACTCCCGGCCCTACATGGCCTCCCTGCAGATGCGGGGGAACCCGGGCAGCCACTTCTGCGGAGGCACCTTGATCCACCCCAGCTTCGTGCTGACGGCCGCTCACTGCCTGCGGGACATGTGAGCGGCCGCCTCCACACCCCTGTCCGCCCGCCCCGCCCTCTTCCTCCAGCCCTGGCCCGGCCACTGTCCCTCTGCCCGGGGAGGACCCAGCTAAGCCCCGTCTGCAGACCCCAGGCCCCGCGCGCGTGGGCAGTTCTGGGGGGAGGCCCGGGGCAGGGTCGCCGAGGGAGGGGTCTGGGGCTGCACCGCGGCCTCGG,gtex_sqtl_format_control_from_real_clinvar_variants
clinvar_d24e7ad671f98c5e,liver,ENSG00000118046.19,ENSG00000118046.19:J1,decreased_usage,0.13714760541915894,donor_clinvar_splice,CTCCACCGAGGTCATCTACCAGCCGCGCCGCAAGCGGGCCAAGCTCATCGGCAAGTACCTGATGGGGGACCTGCTGGGGGAAGGCTCTTACGGCAAGGTGAAGGAGGTGCTGGACTCGGAGACGCTGTGCAGGAGGGCCGTCAAGATCCTCAAGAAGAAGAAGTTGCGAAGGATCCCCAACGGGGAGGCCAACGTGAAGAAGTAAGTATGGCTTGCTGGGGTCGGGGCCGGGCCGGGCCAGTCACGGTGCTGATGGTTCTGTCTTCCTTCCTTCTCTCCTCCCTCCCTCCCTTACTTCCTCTTAACACCCTGAGCTGGACCCGTCTGGCGCCTGTGTCCTCCGTGCCAGGGAGAGCGTGGTTGGGGGCCTGCGTTACGGACTTTCACTCAGGCAAGGCCAG,CTCCACCGAGGTCATCTACCAGCCGCGCCGCAAGCGGGCCAAGCTCATCGGCAAGTACCTGATGGGGGACCTGCTGGGGGAAGGCTCTTACGGCAAGGTGAAGGAGGTGCTGGACTCGGAGACGCTGTGCAGGAGGGCCGTCAAGATCCTCAAGAAGAAGAAGTTGCGAAGGATCCCCAACGGGGAGGCCAACGTGAAGAAATAAGTATGGCTTGCTGGGGTCGGGGCCGGGCCGGGCCAGTCACGGTGCTGATGGTTCTGTCTTCCTTCCTTCTCTCCTCCCTCCCTCCCTTACTTCCTCTTAACACCCTGAGCTGGACCCGTCTGGCGCCTGTGTCCTCCGTGCCAGGGAGAGCGTGGTTGGGGGCCTGCGTTACGGACTTTCACTCAGGCAAGGCCAG,gtex_sqtl_format_control_from_real_clinvar_variants
clinvar_12d9be5d7a6215a6,muscle,ENSG00000118046.19,ENSG00000118046.19:J2,decreased_usage,0.08693736791610718,acceptor_clinvar_splice,CGGGTGGGTCCAGAGGACACTCCCCTCCTACCCCGTAGCCTCCACTAGTGGAAGGTGGTGAAGACAGAGGTGTCCTTGAGTCCACAGGGCCTCTGGTCCAGCAGCCACGGGACGCCTCTGTCCCTGGGGTAGAGCTGGGGCTCCTAGGGCGTCAACCACCTTGACTGACCACGCCTTTCTTCCCTCCCCTCGAAATGAAGCTACAACATCACCACGGGTCTGTACCCCTTCGAAGGGGACAACATCTACAAGTTGTTTGAGAACATCGGGAAGGGGAGCTACGCCATCCCGGGCGACTGTGGCCCCCCGCTCTCTGACCTGCTGAAAGGTGGGAGCCTCATCCCTCTGCCCGCAGCCCCAGGGAGGCGGGGCTTTTGTGCAGAAATGTAGGGTTGGGGGTG,CGGGTGGGTCCAGAGGACACTCCCCTCCTACCCCGTAGCCTCCACTAGTGGAAGGTGGTGAAGACAGAGGTGTCCTTGAGTCCACAGGGCCTCTGGTCCAGCAGCCACGGGACGCCTCTGTCCCTGGGGTAGAGCTGGGGCTCCTAGGGCGTCAACCACCTTGACTGACCACGCCTTTCTTCCCTCCCCTCGAAGTGAAGCTACAACATCACCACGGGTCTGTACCCCTTCGAAGGGGACAACATCTACAAGTTGTTTGAGAACATCGGGAAGGGGAGCTACGCCATCCCGGGCGACTGTGGCCCCCCGCTCTCTGACCTGCTGAAAGGTGGGAGCCTCATCCCTCTGCCCGCAGCCCCAGGGAGGCGGGGCTTTTGTGCAGAAATGTAGGGTTGGGGGTG,gtex_sqtl_format_control_from_real_clinvar_variants
clinvar_c8574aef4bf1c7e1,blood,ENSG00000099821.15,ENSG00000099821.15:J0,decreased_usage,5.7220458984375e-06,clinvar_benign_snv,CAGGCTAGCAGGAGGTGGTCACGAGGTTCCCCTGGGGTCTGTGGAAGCCCAGCGTGGGGCTGGCCCGTCCCTCGAGCAGGCCGCCTGCACCACAGGTGTCTGGAACAGATGAGCCAGGAGGGGCTGAAGCTGCAGGCACTCTTCACCGCCGTTCTGCTGTCTGAGGAGGATCGGGCCACTGTTCTGAAGGCCGTGCACAAGGTGAAGCCCACCTTCAGCCTCCCGCCGCAGCTGCCGCCCCCGGTCAACACCTCCAAGCTGCTCAGGGACGTGTATGCCAAGGTGAGCCCACGTGGGCCCCGGCAGACTTCAGTCCTTATAGCTGCCCTTTGGGGGTTCCTGGAGCCTCAGCTCAGACCAATGGGCCTCCCCGGTGCCCAGGGCTCACCTGGGCTGGGCCC,CAGGCTAGCAGGAGGTGGTCACGAGGTTCCCCTGGGGTCTGTGGAAGCCCAGCGTGGGGCTGGCCCGTCCCTCGAGCAGGCCGCCTGCACCACAGGTGTCTGGAACAGATGAGCCAGGAGGGGCTGAAGCTGCAGGCACTCTTCACCGCCGTTCCGCTGTCTGAGGAGGATCGGGCCACTGTTCTGAAGGCCGTGCACAAGGTGAAGCCCACCTTCAGCCTCCCGCCGCAGCTGCCGCCCCCGGTCAACACCTCCAAGCTGCTCAGGGACGTGTATGCCAAGGTGAGCCCACGTGGGCCCCGGCAGACTTCAGTCCTTATAGCTGCCCTTTGGGGGTTCCTGGAGCCTCAGCTCAGACCAATGGGCCTCCCCGGTGCCCAGGGCTCACCTGGGCTGGGCCC,gtex_sqtl_format_control_from_real_clinvar_variants
